{"reprojection_error": 0.40193873764539695, "camera_matrix": [684.0243170303459, 0.0, 326.6006525530105, 0.0, 684.0489502000155, 212.04195296239917, 0.0, 0.0, 1.0], "dist_coefs": [0.13473789046416382, -1.0307460560103978, 0.00028720863505260843, -0.0006733494865926939, 3.1495966892804974]}